<?xml version="1.0" encoding="UTF-8"?>
<project-private xmlns="http://www.netbeans.org/ns/project-private/1">
    <editor-bookmarks xmlns="http://www.netbeans.org/ns/editor-bookmarks/2" lastBookmarkId="0"/>
    <open-files xmlns="http://www.netbeans.org/ns/projectui-open-files/2">
        <group>
            <file>file:/E:/Homework/Projects/Chat-Client/ServerTest/src/servertest/Server.java</file>
            <file>file:/E:/Homework/Projects/Chat-Client/ServerTest/src/servertest/Group.java</file>
            <file>file:/E:/Homework/Projects/Chat-Client/ServerTest/src/servertest/LoadDriver.java</file>
            <file>file:/E:/Homework/Projects/Chat-Client/ServerTest/src/servertest/Connection.java</file>
        </group>
    </open-files>
</project-private>
